<?xml version="1.0"?>
<openerp>
    <data>

        <!-- Lab Tests -->

        <record id="medical_lab_test_physician" model="ir.rule">
            <field name="name">Each physician can see only own lab tests</field>
            <field name="model_id" ref="model_medical_lab_test"/>
            <field name="domain_force">['|', ('pathologist', '=', False), ('pathologist.user_id', '=', user.id)]</field>
            <field name="groups" eval="[(4, ref('medical_lab.group_medical_physician'))]"/>
        </record>

        <record id="medical_lab_test_admin" model="ir.rule">
            <field name="name">Access all the lab tests</field>
            <field name="model_id" ref="model_medical_lab_test"/>
            <field name="domain_force">[(1, '=', 1)]</field>
            <field name="groups" eval="[(4, ref('medical_lab.group_medical_manager'))]"/>
        </record>


    </data>
</openerp>
