<?xml version="1.0" encoding="utf-8"?>
<odoo>
    <data>
        <!-- Laboratory -->
        <record model='ir.ui.menu' id='medical_lab_units_conf_list'>
            <field name="groups_id" eval="[(6,0,[ref('medical_lab.group_medical_manager'),ref('medical_lab.group_medical_physician')])]"/>
        </record>
        <record model='ir.ui.menu' id='medical_lab_test_types_conf_list'>
            <field name="groups_id" eval="[(6,0,[ref('medical_lab.group_medical_manager'),ref('medical_lab.group_medical_physician')])]"/>
        </record>
        <record model='ir.ui.menu' id='medical_lab_test_conf_list'>
            <field name="groups_id" eval="[(6,0,[ref('medical_lab.group_medical_manager'),ref('medical_lab.group_medical_physician')])]"/>
        </record>
    </data>
</odoo>
