<?xml version="1.0" encoding="utf-8"?>
<odoo>
    <data>

        <record model="ir.module.category" id="module_medical_lab_category">
                <field name="name">Lab</field>
                <field name="sequence">0</field>
                <field name="visible" eval="0" />
        </record>

        <record id="group_medical_physician" model="res.groups">
            <field name="name">Physician</field>
            <field name="category_id" ref="module_medical_lab_category"/>
        </record>

        <record id="group_medical_manager" model="res.groups">
            <field name="name">Lab Admin</field>
            <field name="category_id" ref="module_medical_lab_category"/>
        </record>

        <record id="group_medical_radiology" model="res.groups">
            <field name="name">Radiology</field>
            <field name="category_id" ref="module_medical_lab_category"/>
            <field name="implied_ids" eval="[(4, ref('group_medical_physician'))]"/>
        </record>

        <record id="base.user_admin" model="res.users">
            <field name="groups_id" eval="[(4, ref('group_medical_manager'))]"/>
        </record>

        <record id="base.user_root" model="res.users">
            <field name="groups_id" eval="[(4, ref('group_medical_manager'))]"/>
        </record>

        <!-- Multi Company -->
        <record id="rule_medical_lab_dept_multi_company" model="ir.rule">
            <field name="name">Medical Lab : Multi Company</field>
            <field name="model_id" ref="model_medical_labtest_department"/>
            <field name="global" eval="True"/>
            <field name="domain_force">['|', ('company_id', '=', False), ('company_id', 'in', company_ids)]</field>
        </record>
        <record id="rule_medical_lab_test_multi_company" model="ir.rule">
            <field name="name">medical.lab.test : Multi Company</field>
            <field name="model_id" ref="model_medical_lab_test"/>
            <field name="global" eval="True"/>
            <field name="domain_force">['|', ('company_id', '=', False), ('company_id', 'in', company_ids)]</field>
        </record>
        <record id="rule_medical_lab_test_type_multi_company" model="ir.rule">
            <field name="name">medical.labtest.types : Multi Company</field>
            <field name="model_id" ref="model_medical_labtest_types"/>
            <field name="global" eval="True"/>
            <field name="domain_force">['|', ('company_id', '=', False), ('company_id', 'in', company_ids)]</field>
        </record>

        <record id="rule_medical_lab_prod_categ_multi_company" model="ir.rule">
            <field name="name">Product Category : Multi Company</field>
            <field name="model_id" ref="product.model_product_category"/>
            <field name="global" eval="True"/>
            <field name="domain_force">['|', ('company_id', '=', False), ('company_id', 'in', company_ids)]</field>
        </record>
    </data>
</odoo>
